word,count
,6
floods,1
dost,1
o’erwhelmed,1
Th’,1
fiery,2
without,1
infernal,1
Eternal,2
silence,1
prison,1
Providence,1
th’,6
wrath;,1
thus,1
Things,1
league,1
Regions,1
whose,3
fallen:,1
unconsumed.,1
as,2
Served,1
peace,1
much,1
flight,1
A,1
sights,1
comes,2
misery,1
I,3
eyes,1
deluge,1
fell!,1
O,2
The,2
how,4
rolling,1
proved,1
As,3
At,1
by,3
unlike,1
whom,2
adamantine,1
after,1
fallen!,1
Fast,1
God,4
a,1
set,2
joined,1
words,1
the,27
battle,1
taught,1
regain,1
Power,1
weltering,1
thy,2
furnace,1
perdition,1
Creator,1
obdurate,1
woe,2
down,1
Confounded,1
bright!—if,1
utmost,1
monarchy,1
For,2
Favoured,1
hideous,1
never,2
mutual,1
vanquished,1
first—for,1
lasting,1
Above,1
deep,1
beginning,1
outspread,1
rather,1
for,2
ever-burning,1
With,5
deceived,1
Arch-Enemy,1
sat’st,1
happiness,1
know’st;,1
end,1
views,1
began:—,1
thence,2
Chaos:,1
chiefly,1
grand,1
ruin;,1
equalled,1
with,10
steadfast,1
there,1
Nine,1
arms.,1
he,6
named,1
envy,1
immortal.,1
called,1
adventurous,1
peers,1
hope,2
counsels,1
soon,1
foul,1
darkness,2
if,1
He,2
hath,1
Dove-like,1
song,1
sky,1
in,12
nothing,1
vain,1
pole.,1
is,2
it,3
men.,1
mighty,1
defy,1
Man,1
aid,2
If,1
urges,1
brooding,1
Justice,1
aim,1
In,4
Rose,1
Aonian,1
crew,1
Still,1
top,1
known,1
have,1
Serpent;,1
crime,1
penal,1
side,1
may,1
off,1
dungeon,1
Palestine,1
removed,1
trusted,1
Siloa’s,1
Omnipotent,1
bottomless,1
Lay,1
Eden,1
while,1
Torments,1
that,7
ambitious,1
me,3
raise,1
host,1
revolt?,1
durst,1
pit,1
Angels,2
all,5
waste,1
brook,1
Instruct,1
hate.,1
Brought,1
my,1
throws,1
heart,1
chosen,1
And,6
present,1
parents,1
Reserved,1
pursues,1
Before,1
no,1
shades,1
Oreb,1
fruit,1
rhyme.,1
cause,1
times,1
headlong,1
and,28
of,18
men,1
on,3
highly,1
That,5
High,1
No,1
opposed,1
or,3
whence,1
transcendent,1
Of,4
earth,1
pregnant:,1
he—but,1
Oh,1
thought,1
taste,1
United,1
sorrow,1
transgress,1
blissful,1
guile,1
horrible,1
above,1
fire,2
state,1
him:,1
they,1
height,2
“If,1
thee,1
Sinai,1
mankind,1
night,1
them,1
mount,1
restraint,1
glory,1
seat,1
himself,2
lords,1
Muse,1
Such,1
seed,1
One,1
Invoke,1
into,2
ken,1
Man’s,1
where,1
so,2
affliction,1
situation,1
﻿Paradise,1
But,1
Against,1
middle,1
though,2
whirlwinds,1
forbidden,1
one,3
Had,1
hill,1
torture,1
Stirred,1
inspire,1
flowed,1
to,13
vast,1
but,2
aspiring,1
till,1
Hurled,1
Sing,1
besides.,1
dwell,2
outshine,1
support;,1
mother,1
didst,2
view,1
There,1
huge,1
hides,1
up,1
To,4
has,1
ruin,1
us,1
those,2
Heaven,6
flaming,1
oracle,1
this,1
dismal,1
bold,1
thrice,1
upright,1
Nor,1
Delight,1
dismay,1
once,2
Long,1
changed,1
next,2
doleful,1
rebellious;,1
Clothed,1
Beelzebub.,1
throne,1
Hell—say,1
pure,1
Satan,1
Restore,1
Breaking,1
stronger,1
heavens,1
now,2
gulf,1
impious,1
mortal,2
thoughts,1
Wast,1
Moved,1
pain,1
discerns;,1
sulphur,1
was,1
yet,2
war,1
ethereal,1
equal,2
Sion,1
what,6
brightness,1
disobedience,1
time,1
Myriads,1
rebel,1
chains,1
happy,2
tempestuous,1
loss,1
cast,1
measures,1
hazard,1
Book,1
justify,1
lost,1
far,2
mad’st,1
Illumine,1
wild.,1
greater,1
temples,1
horrid,2
light,2
pride,2
enterprise,1
portion,1
secret,1
our,2
out,2
baleful,1
ways,1
fall,2
low,1
Heavenly,1
assert,1
glorious,1
unattempted,1
dark,1
attempt.,1
flamed;,1
place,2
power,1
Lost,1
witnessed,1
more,2
centre,1
thou,5
great,2
Raised,1
Him,1
seest,1
ordained,1
wings,1
sides,1
Abyss,1
first,5
realms,1
argument,1
seduced,1
prefer,1
fed,1
utter,1
doom,1
prepared,1
Most,1
Almighty,1
World,2
him,3
flames,1
space,1
his,9
companions,1
only,1
from,8
day,1
Who,2
discover,1
proud,1
visible,1
light;,1
tree,1
combustion,1
Mixed,1
soar,1
Both,1
who,2
here,1
tract,1
death,1
their,3
Say,1
shepherd,1
can,1
intends,1
prose,1
rest,1
revenge,1
will,1
From,3
Spirit,1
round,2
beest,1
Joined,1
